Cyanobacteria	Proteobacteria	Firmicutes	Tenericutes	DNA	Chloroflexi	Actinobacteria	Verrucomicrobia	Bacteroidetes	Crenarchaeota	Planctomycetes	Fusobacteria	Acidobacteria	Thermi	Thermotogae	Spirochaetes	Nitrospirae	Chlamydiae	Gemmatimonadetes	Euryarchaeota	Fibrobacteres	Caldithrix	Synergistetes	Deferribacteres	Armatimonadetes	Chlorobi
X001074.B16SV4	31959	3013	173	118	8	14	5	3	1	2	0	0	0	0	0	0	0	0	0	0	0	0	0	0	0	0
X001066.B16SV4	12958	988	52	64	4	3	1	3	1	1	1	0	1	0	0	0	0	0	0	0	0	0	0	0	0	0
X001058.B16SV4	26522	1613	73	65	4	5	7	6	0	1	0	0	0	0	0	0	0	0	0	0	0	0	0	0	0	0
X001023.B16SV4	143	42	0	2	38	0	0	0	1	0	0	0	0	0	0	0	0	0	0	0	0	0	0	0	0	0
X001015.B16SV4	1324	136	4	8	40	0	0	0	0	0	0	0	0	0	0	0	0	0	0	0	0	0	0	0	0	0
X001007.B16SV4	4194	469	63	18	34	3	5	0	1	0	0	1	1	0	0	0	0	0	0	0	0	0	0	0	0	0
X000990.B16SV4	3849	243	26	20	33	0	4	0	0	0	0	0	0	1	0	0	0	0	0	0	0	0	0	0	0	0
X000981.B16SV4	511	108	3	2	26	0	0	0	0	0	0	0	0	0	0	0	0	0	0	0	0	0	0	0	0	0
X000973.B16SV4	2399	185	5	13	33	2	0	0	0	0	0	0	0	0	0	0	0	0	0	0	0	0	0	0	0	0
X000965.B16SV4	3496	281	12	10	26	2	2	0	0	0	1	1	0	0	0	0	0	0	0	0	0	0	0	0	0	0
X000957.B16SV4	27178	2788	121	79	17	12	12	0	6	4	1	0	5	0	0	0	0	0	0	0	0	0	0	0	0	0
X000949.B16SV4	508	52	2	4	19	0	0	0	1	0	0	0	0	0	0	0	0	0	0	0	0	0	0	0	0	0
X000931.B16SV4	10312	1211	73	39	13	1	3	1	0	0	1	0	0	0	0	0	0	0	0	0	0	0	0	0	0	0
X000922.B16SV4	130	51	2	0	19	0	0	0	0	0	0	0	0	0	0	0	0	0	0	0	0	0	0	0	0	0
X000914.B16SV4	15462	1805	104	50	20	3	5	3	2	1	0	0	1	0	0	0	0	0	0	0	0	0	0	0	0	0
X000906.B16SV4	12294	1324	59	46	21	5	1	0	0	1	0	0	0	0	0	0	0	0	0	0	0	0	0	0	0	0
X000892.B16SV4	257	48	2	2	11	0	0	0	1	0	0	0	0	0	0	0	0	0	0	0	0	0	0	0	0	0
X000744.B16SV4	33681	2617	114	99	8	12	9	6	0	1	1	0	0	0	1	0	0	0	0	0	0	0	0	0	0	0
X000736.B16SV4	21252	2073	93	62	11	9	9	7	8	1	0	9	0	0	0	1	0	0	0	0	0	0	0	0	0	0
X000710.B16SV4	27841	4556	295	127	10	9	8	2	3	0	1	0	0	0	0	0	0	0	0	0	0	0	0	0	0	0
X000680.B16SV4	244	59	1	0	24	0	1	0	0	0	0	0	0	0	0	0	0	0	0	0	0	0	0	0	0	0
X000671.B16SV4	11338	1151	59	42	19	0	3	0	0	1	0	0	1	0	0	0	0	0	0	0	0	0	0	0	0	0
X000663.B16SV4	13593	2076	97	42	13	3	2	3	0	0	0	0	0	0	0	0	0	0	0	0	0	0	0	0	0	0
X000655.B16SV4	23828	2896	143	69	18	5	4	2	1	0	0	0	0	0	0	0	1	0	0	0	0	0	0	0	0	0
X000647.B16SV4	15967	1050	55	76	5	0	2	0	1	1	0	0	0	0	0	0	0	0	0	0	0	0	0	0	0	0
X000639.B16SV4	16910	1141	41	62	7	8	6	1	1	0	0	0	0	0	0	0	0	0	0	0	0	0	0	0	0	0
X000621.B16SV4	63	30	0	1	12	0	0	0	0	0	0	0	0	0	0	0	0	0	0	0	0	0	0	0	0	0
X000612.B16SV4	2528	209	10	10	8	0	0	1	0	0	0	0	1	0	0	0	0	0	0	0	0	0	0	0	0	0
X000582.B16SV4	12557	1695	87	37	20	3	7	6	1	0	1	0	0	0	0	0	0	0	0	0	0	0	0	0	0	0
X000574.B16SV4	56	31	2	0	19	0	1	0	0	0	0	0	0	0	0	0	0	0	0	0	0	0	0	0	0	0
X000566.B16SV4	16519	1528	83	67	20	7	1	1	0	2	1	0	0	0	0	0	0	0	0	0	0	0	0	0	0	0
X000558.B16SV4	5815	366	18	28	25	0	1	1	0	0	0	0	0	0	0	0	0	0	0	0	0	0	0	0	0	0
X000540.B16SV4	23422	2199	113	83	25	9	4	6	2	0	0	1	0	0	0	0	0	0	0	0	0	0	0	0	0	0
X000523.B16SV4	245	66	2	0	17	0	0	0	0	0	0	0	0	0	0	0	0	0	0	0	0	0	0	0	0	0
X000515.B16SV4	12389	1223	54	51	16	2	3	0	4	1	0	0	0	0	0	0	0	0	0	0	0	0	0	0	0	0
X000507.B16SV4	9827	1003	44	35	36	3	1	1	0	0	0	1	0	0	0	0	0	0	0	0	0	0	0	0	0	0
X000493.B16SV4	37401	5040	316	144	17	10	19	5	2	1	0	0	0	1	0	0	0	0	0	0	0	0	0	0	0	0
X000469.B16SV4	8884	866	45	38	23	2	1	0	0	0	0	0	0	0	0	0	0	0	0	0	0	0	0	0	0	0
X000434.B16SV4	4602	295	12	17	32	2	5	1	5	0	0	1	1	0	0	0	0	1	0	0	0	0	0	0	0	0
X000426.B16SV4	3986	316	20	21	24	2	0	2	1	0	0	0	0	0	0	0	0	0	0	0	0	0	0	0	0	0
X000361.B16SV4	58473	7976	461	227	9	24	17	6	3	2	6	0	0	0	1	0	0	0	0	0	0	0	0	0	0	0
X000329.B16SV4	13494	1178	63	53	19	3	5	0	1	0	0	0	0	0	0	0	0	0	0	0	0	0	0	0	0	0
X000311.B16SV4	18597	1882	101	75	14	11	7	4	7	0	3	0	0	1	0	0	0	0	0	0	0	0	0	0	0	0
X000205.B16SV4	8793	783	50	36	19	2	0	1	0	0	0	0	0	0	0	0	0	0	0	0	0	0	0	0	0	0
X000175.B16SV4	27095	2420	134	102	15	9	3	2	4	2	3	0	0	0	0	0	0	0	0	0	0	0	0	0	0	0
X000159.B16SV4	21087	2116	131	64	14	8	7	1	2	1	2	1	0	0	0	0	0	0	0	0	0	0	0	0	0	0
X000141.B16SV4	5123	321	11	16	14	0	0	0	0	0	0	0	0	0	0	0	0	0	0	0	0	0	0	0	0	0
X000132.B16SV4	63	130	0	0	10	0	0	0	0	0	0	0	0	0	0	0	0	0	0	0	0	0	0	0	0	0
X000116.B16SV4	85	59	4	1	24	0	0	0	0	0	0	1	0	0	0	0	0	0	0	0	0	0	0	0	0	0
X000124.B16SV4	239	63	3	1	23	0	0	0	0	1	0	0	0	0	0	0	0	0	0	0	0	0	0	0	0	0
X004031.B16SV4	235	44	0	1	6	1	0	0	0	0	0	0	0	0	0	0	0	0	0	0	0	0	0	0	0	0
X003964.B16SV4	4120	407	28	18	59	1	1	0	2	0	0	1	0	0	0	0	0	0	0	0	0	0	0	0	0	0
X003956.B16SV4	13141	1157	63	39	36	5	3	3	0	1	0	3	0	0	0	0	0	0	0	0	0	0	0	0	0	0
X003948.B16SV4	812	83	1	1	56	0	1	0	0	0	0	0	0	0	0	0	0	0	0	0	0	0	0	0	0	0
X003930.B16SV4	4599	487	19	12	64	4	2	1	1	0	1	0	0	0	0	0	0	0	0	0	0	0	0	0	0	0
X003921.B16SV4	13797	1235	68	45	24	3	5	1	3	0	2	0	0	0	0	0	0	0	0	0	0	0	0	0	0	0
X003913.B16SV4	6407	440	20	21	27	4	1	1	0	1	1	0	0	0	0	0	0	0	0	0	0	0	0	0	0	0
X003905.B16SV4	11876	3072	194	51	12	5	7	0	58	2	0	1	0	0	0	0	0	0	0	0	0	0	0	0	0	0
X003891.B16SV4	21983	1848	100	87	11	15	4	0	2	1	0	0	0	0	0	0	0	0	0	0	0	0	0	0	0	0
X003883.B16SV4	7178	580	30	22	19	1	1	1	0	0	0	0	0	0	0	0	0	0	0	0	0	0	0	0	0	0
X003875.B16SV4	8109	1181	62	33	18	2	4	2	1	2	1	0	0	0	0	0	0	0	0	0	0	0	0	0	0	0
X003808.B16SV4	39895	5522	281	162	8	22	13	7	3	0	0	0	0	0	0	0	0	0	0	0	0	0	0	0	0	0
X003832.B16SV4	192	28	0	2	10	0	0	0	0	0	0	0	0	0	0	0	0	0	0	0	0	0	0	0	0	0
X003794.B16SV4	55852	7606	414	229	12	27	18	9	9	3	3	5	0	0	0	0	0	0	0	0	0	0	0	0	0	0
X003751.B16SV4	137	50	31	1	8	1	1	0	1	0	0	0	0	0	0	0	0	0	0	0	0	0	0	0	0	0
X003743.B16SV4	2062	135	6	8	14	0	0	0	0	0	0	0	0	0	0	0	0	0	0	0	0	0	0	0	0	0
X003689.B16SV4	91	41	50	0	14	0	0	0	0	0	0	0	0	0	0	0	0	0	0	0	0	0	0	0	0	0
X003671.B16SV4	5253	381	27	21	45	0	1	0	0	0	0	0	0	0	0	0	0	0	0	0	0	0	0	0	0	0
X003581.B16SV4	54691	7121	405	215	15	17	13	10	8	0	3	0	2	0	0	0	0	0	0	0	0	0	0	0	0	0
X003573.B16SV4	20875	1512	97	68	32	13	24	4	31	3	2	0	0	0	0	1	0	0	0	0	1	0	0	0	0	0
X003565.B16SV4	28327	4150	233	107	18	6	13	7	0	0	0	0	0	0	0	0	0	0	0	0	0	0	0	0	0	0
X003557.B16SV4	45857	4331	275	199	10	10	8	4	1	0	2	0	0	0	0	0	0	0	0	0	0	0	0	0	0	0
X003387.B16SV4	3777	221	15	11	11	0	2	0	0	0	0	0	0	0	0	0	0	0	0	0	0	0	0	0	0	0
X003379.B16SV4	61	33	1	1	25	1	1	0	0	0	0	1	0	0	0	0	0	0	0	0	0	0	0	0	0	0
X003361.B16SV4	132	64	0	0	29	0	0	0	0	0	0	0	0	0	0	0	0	0	0	0	0	0	0	0	0	0
X003352.B16SV4	219	63	3	0	16	0	0	0	1	0	0	1	0	0	0	0	0	0	0	0	0	0	0	0	0	0
X003221.B16SV4	4418	459	24	24	18	2	1	0	0	0	0	0	0	0	0	0	0	0	0	0	0	0	0	0	0	0
X003212.B16SV4	2866	202	8	16	15	0	1	1	1	0	1	0	0	0	0	0	0	0	0	0	0	0	0	0	0	0
X003204.B16SV4	36964	6382	368	156	9	10	6	7	0	1	2	0	0	0	0	0	0	0	0	1	0	0	0	0	0	0
X003182.B16SV4	66	34	9	1	26	0	0	0	0	0	0	0	0	0	0	0	0	0	0	0	0	0	0	0	0	0
X003174.B16SV4	2050	216	6	10	28	0	0	0	0	2	0	0	1	0	0	0	0	0	0	0	0	0	0	0	0	0
X003166.B16SV4	7717	603	24	30	33	5	3	0	1	2	2	0	0	0	0	0	0	0	0	0	0	0	0	0	0	0
X003158.B16SV4	1162	138	10	3	56	2	0	0	0	0	0	0	0	0	0	0	0	0	0	0	0	0	0	0	0	0
X003140.B16SV4	1569	171	12	6	15	0	0	0	0	0	0	0	0	0	0	0	0	0	0	0	0	0	0	0	0	0
X003131.B16SV4	137	48	3	1	17	0	0	0	0	0	0	0	0	0	0	0	0	0	0	0	0	0	0	0	0	0
X003123.B16SV4	10005	862	41	38	27	5	3	1	2	0	0	1	0	0	0	0	0	0	0	0	0	0	0	0	0	0
X003115.B16SV4	9753	940	49	30	20	3	3	0	0	0	0	0	0	0	0	0	0	0	0	0	0	0	0	0	0	0
X003085.B16SV4	1392	154	5	1	9	0	1	0	1	0	1	0	0	0	0	0	0	0	0	0	0	0	0	0	0	0
X003077.B16SV4	57	58	1	4	24	1	0	0	0	0	0	0	0	0	0	0	0	0	0	0	0	0	0	0	0	0
X003051.B16SV4	55	72	5	1	43	0	0	0	1	0	0	0	0	0	0	0	0	0	0	0	0	0	0	0	0	0
X003026.B16SV4	4713	349	14	20	19	1	1	0	1	0	0	0	0	0	0	0	0	0	0	0	0	0	0	0	0	0
X003000.B16SV4	79	33	1	0	33	1	0	0	0	0	0	0	0	0	0	0	0	0	0	0	0	0	0	0	0	0
X002992.B16SV4	3697	213	3	19	15	0	0	0	0	0	1	0	0	0	0	0	0	0	0	0	0	0	0	0	0	0
X002984.B16SV4	858	111	3	3	30	1	0	0	0	0	1	0	0	0	0	0	0	0	0	0	0	0	0	0	0	0
X002976.B16SV4	34632	3409	219	150	6	16	10	3	1	2	0	0	0	0	0	0	0	0	0	0	0	0	0	0	0	0
X002909.B16SV4	35011	5333	307	121	8	12	12	10	1	0	2	0	0	0	0	0	0	0	0	0	0	0	0	0	0	0
X002895.B16SV4	31436	3380	154	110	9	9	6	4	1	0	3	0	1	0	0	0	0	0	0	0	0	0	0	0	0	0
X002887.B16SV4	14165	1161	66	47	32	6	2	4	1	1	0	0	0	1	0	0	0	0	0	0	0	0	0	0	0	0
X002879.B16SV4	3589	200	6	10	29	2	0	0	0	0	0	0	0	0	0	0	0	0	0	0	0	0	0	0	0	0
X002780.B16SV4	5102	526	32	22	20	3	8	1	0	1	0	0	0	0	0	0	0	1	0	0	0	0	0	0	0	0
X002771.B16SV4	1214	140	6	7	30	0	0	0	0	0	0	0	0	0	0	0	0	0	0	0	0	0	0	0	0	0
X002763.B16SV4	32965	2807	174	121	12	6	10	3	5	2	2	0	0	0	0	0	0	0	0	0	0	0	0	0	0	0
X002755.B16SV4	28198	2630	136	124	12	9	10	0	13	1	2	0	0	0	0	0	1	0	2	0	0	0	0	0	0	0
X002739.B16SV4	35296	4656	272	151	6	16	13	3	1	2	1	0	0	1	0	0	0	0	0	0	0	0	0	0	0	0
X002721.B16SV4	93	35	3	1	21	1	0	0	0	0	0	0	0	0	0	0	0	0	0	0	0	0	0	0	0	0
X002712.B16SV4	160	37	0	0	12	0	0	0	0	0	0	0	0	0	0	0	0	0	0	0	0	0	0	0	0	0
X002577.B16SV4	3749	268	17	10	24	1	0	0	0	0	0	0	0	0	0	0	0	0	0	0	0	0	0	0	0	0
X002569.B16SV4	9050	604	23	43	24	3	2	0	1	0	0	0	0	0	0	0	0	0	0	0	0	0	0	0	0	0
X002551.B16SV4	4451	233	11	18	15	3	0	0	1	0	0	0	0	0	0	0	0	0	0	0	0	0	0	0	0	0
X002542.B16SV4	2276	173	13	11	16	0	0	0	0	0	0	0	0	0	0	0	0	0	0	0	0	0	0	0	0	0
X002526.B16SV4	8821	666	28	30	15	1	1	0	1	1	0	0	0	0	0	0	0	0	0	0	0	0	0	0	0	0
X002518.B16SV4	11970	1587	101	46	13	2	4	3	0	2	0	0	0	0	0	0	0	0	0	0	0	0	0	0	0	0
X002500.B16SV4	10410	1058	52	31	23	6	3	0	2	0	0	0	1	0	0	0	0	0	1	0	0	0	0	0	0	0
X002496.B16SV4	1830	187	9	5	18	2	0	0	0	0	0	0	0	0	0	0	0	0	0	0	0	0	0	0	0	0
X002488.B16SV4	41	25	0	0	4	0	0	0	0	0	0	0	0	0	0	0	0	0	0	0	0	0	0	0	0	0
X002470.B16SV4	15248	1680	102	52	21	5	6	7	1	1	1	0	1	0	0	0	0	0	0	0	0	0	0	0	0	0
X002461.B16SV4	17021	1680	98	82	12	4	11	3	5	0	2	0	1	0	0	0	3	0	1	0	0	0	0	0	0	0
X002453.B16SV4	15120	1859	88	46	8	9	9	5	2	0	0	0	0	1	0	0	0	0	0	0	0	0	0	0	0	0
X002429.B16SV4	201	88	2	4	33	0	0	0	1	0	1	0	0	0	0	0	0	0	0	0	0	0	0	0	0	0
X002411.B16SV4	2263	154	11	2	17	0	0	0	0	0	0	0	0	0	0	0	0	0	0	0	0	0	0	0	0	0
X002330.B16SV4	66	30	0	1	16	0	0	0	0	0	0	0	0	0	0	0	0	0	0	0	0	0	0	0	0	0
X002283.B16SV4	676	88	4	3	10	0	2	0	1	0	0	1	0	0	0	0	0	1	0	0	0	0	0	0	0	0
X002267.B16SV4	34173	3857	241	157	7	15	4	3	4	2	0	0	1	0	0	0	0	0	0	0	0	0	0	0	0	0
X002259.B16SV4	3158	218	16	5	20	0	2	0	0	0	0	0	0	0	0	0	0	0	0	0	0	0	0	0	0	0
X002224.B16SV4	37722	4639	200	95	7	12	22	9	0	1	1	0	0	0	0	0	0	0	0	0	0	0	0	0	0	0
X002208.B16SV4	73	50	1	0	12	1	0	0	1	0	0	0	0	0	0	0	0	0	0	0	0	0	0	0	0	0
X002186.B16SV4	20526	1440	108	70	24	10	11	4	2	1	0	0	0	0	0	0	0	0	0	0	0	0	0	0	0	0
X002178.B16SV4	629	98	9	2	15	0	0	0	1	0	0	0	0	0	0	0	0	0	0	0	0	0	0	0	0	0
X002062.B16SV4	20771	3276	158	57	11	8	9	11	0	1	1	0	0	0	0	0	0	0	0	0	0	0	0	0	0	0
X002054.B16SV4	21737	2830	180	92	10	7	6	5	3	0	1	0	0	0	0	0	0	0	0	0	0	0	0	0	0	0
X002046.B16SV4	26475	4401	231	107	4	10	44	2	246	1	2	2	0	1	0	0	0	0	0	0	0	0	0	0	0	0
X001872.B16SV4	612	105	19	2	47	0	3	0	5	0	0	0	0	0	0	0	0	0	0	0	0	0	0	0	0	0
X001864.B16SV4	573	76	21	4	32	0	1	0	2	0	1	0	0	0	0	0	0	0	0	0	0	0	0	0	0	0
X001856.B16SV4	155	62	21	4	19	1	0	0	2	0	0	0	0	0	0	0	0	0	0	0	0	0	0	0	0	0
X001805.B16SV4	473	218	3	1	24	0	0	0	0	0	0	0	0	5	0	0	0	0	0	0	0	0	0	0	0	0
X001783.B16SV4	110	41	1	0	27	0	0	0	0	0	0	0	0	0	0	0	0	0	0	0	0	0	0	0	0	0
X001775.B16SV4	4789	331	85	11	17	0	4	3	1	0	2	0	8	0	0	0	0	0	0	0	0	0	0	0	0	0
X001627.B16SV4	2490	209	9	8	20	2	0	0	2	0	0	0	0	0	0	0	0	0	0	0	0	0	0	0	0	0
X001619.B16SV4	6713	246	8	24	10	2	0	1	0	0	0	0	0	0	0	0	0	0	0	0	0	0	0	0	0	0
X001562.B16SV4	4655	369	16	13	28	3	0	0	0	0	0	0	0	0	0	0	0	0	0	0	0	0	0	0	0	0
X001554.B16SV4	7298	589	28	28	18	0	5	1	1	0	1	0	0	0	0	0	0	0	0	0	0	0	0	0	0	0
X001422.B16SV4	4438	503	21	20	20	0	1	0	0	1	0	1	0	0	0	0	0	0	0	0	0	0	0	0	0	0
X001406.B16SV4	25	83	4	0	16	0	1	0	0	0	0	3	0	0	0	0	0	0	0	0	0	0	0	0	0	0
X001392.B16SV4	1617	111	4	4	39	0	2	0	0	0	0	0	0	0	0	0	0	0	0	0	0	0	0	0	0	0
X001384.B16SV4	2436	116	5	10	14	3	0	0	0	0	0	0	0	0	0	0	0	0	0	0	0	0	0	0	0	0
X001368.B16SV4	31806	4370	258	114	31	4	9	5	2	1	0	1	0	0	0	0	0	0	0	0	0	0	0	0	0	0
X001350.B16SV4	26125	2779	143	95	36	10	5	4	3	0	1	0	0	0	0	0	0	0	0	0	0	0	0	0	0	0
X001121.B16SV4	21547	23132	2591	99	22	3	2376	6	2238	1	1	2685	0	1	1	5	0	0	1	0	0	0	0	0	0	0
X001104.B16SV4	4082	415	19	17	71	1	3	0	0	0	0	3	1	0	0	0	0	0	0	0	0	0	0	0	0	0
X001082.B16SV4	65	47	17	1	10	0	0	0	0	0	0	0	0	0	0	0	0	0	0	0	0	0	0	0	0	0
X019291.B16SV4	34	43	11	1	17	0	0	0	0	0	0	0	0	0	0	0	0	0	0	0	0	0	0	0	0	0
X019283.B16SV4	61	39	1	0	14	0	0	0	0	0	0	0	0	0	0	0	0	0	0	0	0	0	0	0	0	0
X019275.B16SV4	12848	1653	101	46	14	2	4	0	0	0	0	0	0	0	0	0	0	0	0	0	0	0	0	0	0	0
X019267.B16SV4	8493	479	26	44	14	2	4	0	0	0	1	0	2	0	0	0	0	0	0	0	0	0	0	0	0	0
X019259.B16SV4	57	26	1	0	14	0	0	0	0	0	0	0	0	0	0	0	0	0	0	0	0	0	0	0	0	0
X019232.B16SV4	5085	267	5	14	14	3	1	0	0	0	0	0	0	0	0	0	0	0	0	0	0	0	0	0	0	0
X006165.B16SV4	22733	1766	112	75	9	5	2	2	0	1	1	0	0	0	0	0	0	0	0	0	0	0	0	0	0	0
X006157.B16SV4	26753	2113	128	119	11	7	9	2	5	1	0	0	0	0	0	0	0	0	0	0	0	0	0	0	0	0
X006122.B16SV4	6881	595	67	29	26	2	4	0	3	0	1	0	0	0	0	0	0	0	1	0	0	0	0	0	0	0
X006114.B16SV4	17730	1558	90	77	7	7	5	3	1	0	0	0	1	0	0	0	0	0	0	0	0	0	0	0	0	0
X006092.B16SV4	1881	113	6	2	21	1	3	0	0	0	1	0	0	0	0	0	0	0	0	0	0	0	0	0	0	0
X006084.B16SV4	15144	1023	64	69	14	4	4	3	0	1	0	0	1	0	0	0	0	0	0	0	0	0	0	0	0	0
X006076.B16SV4	22713	1574	92	57	14	6	5	2	1	1	0	0	0	1	0	0	0	0	0	0	0	0	0	0	0	0
X006033.B16SV4	22195	1135	60	70	7	3	8	2	2	0	1	0	0	0	0	0	0	0	0	0	0	0	0	0	0	0
X006025.B16SV4	11102	1220	57	50	11	2	3	2	0	0	0	0	3	2	0	0	0	0	0	0	0	0	0	0	0	0
X006017.B16SV4	4394	15472	2849	28	17	4	63	1	3	1	0	0	0	0	0	1	0	0	0	0	0	0	0	1	0	0
X006009.B16SV4	1152	106	29	7	25	0	0	0	0	0	0	0	0	0	0	0	0	0	0	0	0	0	0	0	0	0
X005991.B16SV4	15519	1926	96	61	28	5	24	2	23	0	1	28	0	0	1	0	0	0	0	0	0	0	0	0	0	0
X005975.B16SV4	28984	1747	70	102	7	14	4	2	1	2	1	0	0	0	0	0	0	0	0	0	0	0	0	0	0	0
X005967.B16SV4	4234	444	29	17	11	3	4	0	0	0	0	0	0	0	0	0	0	0	0	0	0	0	0	0	0	0
X005959.B16SV4	25121	4330	229	88	5	15	16	13	2	1	0	6	0	0	0	0	0	0	0	0	0	0	0	0	0	0
X005932.B16SV4	41507	6779	383	177	14	16	10	6	3	0	0	0	0	0	0	0	0	0	0	0	0	0	0	0	0	0
X005924.B16SV4	2340	178	10	7	28	1	0	0	0	1	0	0	0	0	0	0	0	0	0	0	0	0	0	0	0	0
X005908.B16SV4	18289	1568	88	76	2	10	1	2	0	0	0	0	0	0	0	0	0	0	0	0	0	0	0	0	0	0
X005894.B16SV4	25	66	3	0	44	0	0	0	0	0	0	0	1	0	0	0	0	0	0	0	0	0	0	0	0	0
X005878.B16SV4	25646	3767	395	87	27	14	7	6	3	1	0	0	1	0	0	0	0	0	0	0	0	0	0	0	0	0
X005860.B16SV4	5770	354	11	15	26	0	2	0	3	0	0	0	0	0	0	0	0	0	0	0	0	0	0	0	0	0
X005843.B16SV4	6734	414	22	26	34	0	3	0	2	0	1	1	0	0	0	0	0	0	1	0	0	0	0	0	0	0
X005827.B16SV4	19268	909	31	60	7	8	1	2	0	0	1	0	0	0	0	0	0	0	0	0	0	0	0	0	0	0
X005835.B16SV4	5424	403	14	18	55	1	0	1	0	0	0	2	0	0	0	0	0	0	0	0	0	0	0	0	0	0
X005819.B16SV4	1471	110	1	9	20	2	0	0	0	0	1	0	0	0	0	0	0	0	0	0	0	0	0	0	0	0
X005797.B16SV4	16365	1587	100	66	13	9	4	2	2	0	1	0	0	0	0	0	0	0	0	0	0	0	0	0	0	0
X005789.B16SV4	4085	190	3	18	28	0	0	0	1	0	0	1	0	0	0	0	0	0	0	0	0	0	0	0	0	0
X005762.B16SV4	36789	5176	334	142	14	7	8	9	6	2	4	0	0	0	0	0	0	0	0	0	0	0	0	0	0	0
X005771.B16SV4	11957	1302	89	45	16	5	0	2	1	1	1	1	0	0	0	0	0	0	0	0	0	0	0	0	0	0
X005754.B16SV4	20165	1296	68	76	10	8	2	3	1	2	0	0	0	0	0	0	0	0	0	0	0	0	0	0	0	0
X005738.B16SV4	532	82	4	3	38	2	0	0	0	0	0	0	0	0	0	0	0	0	0	0	0	0	0	0	0	0
X005720.B16SV4	8407	523	24	29	18	3	4	2	2	1	0	0	0	0	0	0	0	0	0	0	0	0	0	0	0	0
X005711.B16SV4	96	89	3	0	29	0	1	0	0	0	0	0	0	0	0	0	0	0	0	0	0	0	0	0	0	0
X005690.B16SV4	963	148	7	4	56	0	0	0	1	0	0	2	0	0	0	0	0	0	0	0	0	0	0	0	0	0
X005703.B16SV4	43890	5642	302	166	26	13	7	4	4	1	4	1	0	0	0	0	0	0	0	0	0	0	0	0	0	0
X005681.B16SV4	16765	2301	139	58	16	8	5	1	3	0	3	0	1	0	0	0	0	0	1	0	0	0	0	0	0	0
X005673.B16SV4	702	66	3	4	17	1	0	0	0	0	1	0	0	0	0	0	0	0	0	0	0	0	0	0	0	0
X005665.B16SV4	8379	506	26	29	20	4	1	0	0	2	1	0	0	1	0	0	0	0	0	0	0	0	0	0	0	0
X005649.B16SV4	2098	212	287	11	38	1	1	0	0	0	0	0	0	0	0	0	0	0	0	0	0	0	0	0	0	0
X005509.B16SV4	10203	1221	74	42	5	4	6	5	6	0	0	0	0	0	0	0	0	0	1	0	0	1	0	0	0	0
X005495.B16SV4	4166	503	38	9	4	1	0	2	1	1	0	0	0	0	0	0	0	0	0	0	0	0	0	0	0	0
X005479.B16SV4	10013	585	28	33	15	3	5	5	12	0	1	0	1	0	0	0	0	0	0	0	0	0	0	0	0	0
X005444.B16SV4	33242	8961	554	130	15	14	33	4	170	2	1	20	0	0	0	0	0	0	0	1	0	0	0	0	0	0
X005452.B16SV4	729	60	6	5	21	0	0	0	0	0	0	0	0	0	0	0	0	0	0	0	0	0	0	0	0	0
X005428.B16SV4	4973	487	20	16	23	1	2	0	0	0	0	1	0	0	0	0	0	0	0	0	0	0	0	0	0	0
X005410.B16SV4	1176	3575	551	7	19	0	15	0	0	1	0	0	0	0	0	0	0	0	0	0	0	0	0	0	0	0
X005363.B16SV4	3551	362	62171	291	3	5	20	2	0	0	1	0	0	1	0	0	0	0	0	0	0	0	0	1	0	0
X005347.B16SV4	42945	7338	519	172	5	11	14	10	1	3	4	1	0	1	0	0	0	0	0	0	0	0	0	0	0	0
X005355.B16SV4	48849	8473	508	196	6	23	13	14	1	1	2	0	0	0	1	0	0	0	0	0	0	0	0	0	0	0
X005339.B16SV4	3046	23180	24515	53	5	9	83	2	0	0	0	1	0	0	0	0	0	0	0	0	0	0	0	0	0	0
X005321.B16SV4	183	51	1	0	18	0	0	0	0	0	0	0	0	0	0	0	0	0	0	0	0	0	0	0	0	0
X005304.B16SV4	34	113	0	1	14	0	0	0	0	0	0	0	0	0	0	0	0	0	0	0	0	0	0	0	0	0
X005291.B16SV4	123	47	13	2	25	0	0	0	0	0	0	0	0	0	0	0	0	0	0	0	0	0	0	0	0	0
X005240.B16SV4	29	34	11	0	17	0	0	0	0	0	0	0	0	0	0	0	0	0	0	0	0	0	0	0	0	0
X005231.B16SV4	82	34	2	0	11	0	0	0	2	0	0	0	1	0	0	0	0	0	0	0	0	0	0	0	0	0
X005215.B16SV4	25528	2806	166	91	9	9	12	4	5	1	0	0	0	0	0	0	1	0	0	0	0	0	0	0	0	0
X005223.B16SV4	19937	2025	106	83	10	1	6	3	2	2	0	0	0	0	0	0	0	0	0	0	0	0	0	0	0	0
X005207.B16SV4	22872	2039	107	97	3	6	5	2	0	2	1	0	0	0	0	0	0	0	0	0	0	0	0	0	0	0
X005193.B16SV4	1956	175	10	7	29	1	0	0	0	0	1	0	0	0	0	0	0	0	0	0	0	1	0	0	0	0
X004961.B16SV4	3441	250	13	10	11	2	1	0	0	0	0	0	0	0	0	0	0	0	0	0	0	0	0	0	0	0
X004944.B16SV4	25670	2337	126	101	25	9	6	5	1	1	2	0	0	0	0	0	0	0	0	0	0	0	0	0	0	0
X004928.B16SV4	28998	4108	209	111	13	15	13	6	3	1	1	0	0	0	0	0	0	0	0	0	0	0	0	0	0	0
X004910.B16SV4	9177	929	44	43	21	7	2	0	0	1	1	0	0	0	0	0	0	0	0	0	0	0	0	0	0	0
X004901.B16SV4	1696	151	10	5	36	1	1	0	0	0	0	0	0	0	0	0	0	0	0	0	0	0	0	0	0	0
X004898.B16SV4	9541	666	31	31	24	3	4	2	2	1	0	0	0	0	0	0	0	0	0	0	0	0	0	0	0	0
X004707.B16SV4	43227	5802	353	159	6	16	14	4	0	3	2	0	2	0	1	0	0	2	0	1	0	1	0	0	0	0
X004693.B16SV4	19988	3402	238	90	6	10	4	4	1	0	1	0	1	0	0	0	0	0	0	0	0	0	0	0	0	0
X004685.B16SV4	2838	292	81	16	44	2	0	0	0	0	0	0	0	0	0	0	0	0	0	0	0	0	0	0	0	0
X004669.B16SV4	10866	984	46	36	23	3	2	0	0	0	1	0	0	0	0	0	0	0	0	0	0	0	0	0	0	0
X004651.B16SV4	5979	502	26	18	25	3	1	0	0	0	0	0	0	0	0	0	0	0	0	0	0	0	0	0	0	0
X004545.B16SV4	80	35	18	0	20	0	0	0	0	0	0	0	0	0	0	0	0	0	0	0	0	0	0	0	0	0
X004511.B16SV4	22386	5350	337	91	14	8	7	8	1	2	1	0	0	0	0	0	0	0	0	0	0	0	0	0	0	0
X004529.B16SV4	29754	3488	221	114	6	11	3	3	0	1	2	0	0	0	0	0	0	0	0	0	0	0	0	0	0	0
X004502.B16SV4	6288	470	17	17	11	2	1	1	0	0	0	0	0	0	0	0	0	0	0	0	0	0	0	0	0	0
X004499.B16SV4	8293	567	38	35	24	2	4	0	0	0	0	0	0	0	0	0	0	0	0	0	0	0	0	0	0	0
X004472.B16SV4	193	40	7	2	12	0	0	0	0	0	0	0	0	0	0	0	0	0	0	0	0	0	0	0	0	0
X004464.B16SV4	19228	2327	133	72	16	7	3	2	0	2	2	0	0	0	0	0	0	0	0	0	0	0	0	0	0	0
X004448.B16SV4	41716	7968	468	148	9	18	35	22	37	1	8	0	2	0	0	0	0	1	0	0	0	1	1	0	0	0
X004456.B16SV4	14949	889	58	67	15	6	2	0	2	0	0	0	0	0	0	0	0	0	0	0	0	0	0	0	0	0
X004430.B16SV4	36447	4131	219	138	3	23	42	15	69	0	5	0	2	1	0	0	0	1	1	0	0	3	1	0	0	0
X004413.B16SV4	78	30	1	0	13	0	1	0	1	0	0	0	0	0	0	0	0	0	0	0	0	0	0	0	0	0
X004405.B16SV4	24528	2283	118	81	16	7	6	6	0	0	0	0	0	0	1	0	0	0	0	0	0	0	0	0	0	0
X004391.B16SV4	24981	2253	149	76	14	12	18	3	16	0	0	3	2	1	0	0	1	0	0	0	0	0	0	0	0	0
X004367.B16SV4	40069	5406	319	159	8	11	9	2	2	4	2	0	0	0	0	0	0	0	0	1	0	0	0	0	0	0
X004375.B16SV4	1353	107	5	6	12	0	2	1	3	0	0	0	0	0	0	0	0	0	0	0	0	0	0	0	0	0
X004359.B16SV4	56027	8048	429	202	7	14	17	9	7	4	0	0	1	3	0	0	0	0	0	0	0	0	1	0	0	0
X004332.B16SV4	14493	1023	63	68	23	3	4	0	5	1	1	0	1	0	0	0	0	0	0	0	0	0	0	0	0	0
X004341.B16SV4	3442	352	16	17	45	0	2	0	0	0	1	0	0	0	0	0	0	0	0	0	0	0	0	0	0	0
X004227.B16SV4	43052	7897	316	181	5	12	25	3	74	2	0	1	0	2	0	0	0	0	0	0	0	0	0	0	0	0
X004219.B16SV4	24502	1986	123	115	17	7	6	2	1	2	1	0	0	0	0	0	0	0	0	0	0	0	0	0	0	0
X004201.B16SV4	69	24	13	0	17	0	0	0	2	0	0	0	0	0	0	0	0	0	0	0	0	0	0	0	0	0
X004197.B16SV4	11279	861	42	30	15	6	2	3	0	1	0	0	0	0	0	0	0	0	0	0	0	0	0	0	0	0
X004057.B16SV4	43	49	0	2	21	0	0	0	0	0	0	1	0	0	0	0	0	0	0	0	0	0	0	0	0	0
X004049.B16SV4	160	67	1	1	27	0	0	0	0	0	0	0	0	0	0	0	0	0	0	0	0	0	0	0	0	0
X019305.B16SV4	54	10	14	0	1	1	0	0	0	0	0	0	0	0	0	0	0	0	0	0	0	0	0	0	0	0
X019224.B16SV4	34	8	0	0	0	0	0	0	0	0	0	0	0	0	0	0	0	0	0	0	0	0	0	0	0	0
X019216.B16SV4	268	68	5	1	6	0	4	1	12	0	0	0	0	2	0	0	0	0	0	0	0	0	0	0	0	0
X006106.B16SV4	78	106	18	0	4	0	0	0	0	0	0	0	0	0	0	0	0	1	0	0	0	0	0	0	0	0
X006068.B16SV4	906	137	9	5	6	1	2	1	2	0	0	0	0	1	0	0	0	0	0	0	0	0	0	0	0	0
X006050.B16SV4	27	12	0	0	0	0	0	0	0	0	0	0	0	0	0	0	0	0	0	0	0	0	0	0	0	0
X006041.B16SV4	27	7	1	0	1	0	0	0	0	0	0	0	0	0	0	0	0	0	0	0	0	0	0	0	0	0
X005983.B16SV4	236	53	11	0	5	0	0	0	0	0	0	0	0	0	0	0	0	0	0	0	0	0	0	0	0	0
X005941.B16SV4	52	8	1	2	0	0	1	0	0	0	0	0	0	0	0	0	0	0	0	0	0	0	0	0	0	0
X005916.B16SV4	53	7	0	0	3	0	0	0	0	0	0	0	0	0	0	0	0	0	0	0	0	0	0	0	0	0
X005886.B16SV4	1262	60	5	2	5	0	0	0	0	0	0	0	0	0	0	0	0	0	0	0	0	0	0	0	0	0
X005851.B16SV4	104	8	0	0	2	0	0	0	0	0	0	0	0	0	0	0	0	0	0	0	0	0	0	0	0	0
X005801.B16SV4	67	17	0	0	0	0	0	0	0	0	0	0	0	0	0	0	0	0	0	0	0	0	0	0	0	0
X005746.B16SV4	929	153	10	2	2	1	0	0	0	0	0	0	0	0	0	0	0	0	0	0	0	0	0	0	0	0
X005657.B16SV4	74	20	1	0	6	0	1	0	0	0	0	0	0	0	0	0	0	0	0	0	0	0	0	0	0	0
X005631.B16SV4	59	23	1	1	1	1	2	0	0	0	0	0	0	0	0	0	0	0	0	0	0	0	0	0	0	0
X005487.B16SV4	59	39	5	0	4	0	3	0	1	0	0	0	0	0	0	0	0	0	0	0	0	0	0	0	0	0
X005461.B16SV4	75	45	5	2	6	1	4	4	10	0	3	0	0	3	0	0	0	0	0	0	0	0	0	0	0	0
X005436.B16SV4	13	7	0	0	0	1	0	0	0	0	0	0	0	0	0	0	0	0	0	0	0	0	0	0	0	0
X005312.B16SV4	54	17	0	0	2	0	0	0	0	0	0	0	0	0	0	0	0	0	0	0	0	0	0	0	0	0
X004952.B16SV4	81	17	2	0	1	0	0	0	1	0	0	0	0	0	0	0	0	0	0	0	0	0	0	0	0	0
X004677.B16SV4	119	28	0	0	4	0	0	0	0	0	0	0	0	0	0	0	0	0	0	0	0	0	0	0	0	0
X004537.B16SV4	40	21	0	1	3	0	0	0	0	0	0	0	0	0	0	0	0	0	0	0	0	0	0	0	0	0
X004481.B16SV4	28	6	0	1	6	0	0	0	0	0	0	0	0	0	0	0	0	0	0	0	0	0	0	0	0	0
X004421.B16SV4	117	27	5	0	0	0	0	0	0	0	0	0	0	0	0	0	0	0	0	0	0	0	0	0	0	0
X004308.B16SV4	397	67	11	1	1	1	1	1	0	0	0	0	1	0	0	0	0	0	0	0	0	0	0	0	0	0
X004294.B16SV4	22	4	0	0	2	0	0	0	0	0	0	0	0	0	0	0	0	0	0	0	0	0	0	0	0	0
X004065.B16SV4	32	8	0	0	2	1	0	0	1	0	0	0	0	0	0	0	0	0	0	0	0	0	0	0	0	0
X003841.B16SV4	128	34	2	3	6	0	1	0	0	0	0	0	0	0	0	0	0	0	0	0	0	0	0	0	0	0
X003786.B16SV4	111	44	22	1	3	1	1	0	2	0	0	0	0	0	0	0	0	0	0	0	0	0	0	0	0	0
X003778.B16SV4	100	16	53	0	2	0	0	0	0	0	0	0	0	0	0	0	0	0	0	0	0	0	0	0	0	0
X003760.B16SV4	390	51	1	1	0	0	0	0	0	0	0	0	0	0	0	0	0	0	0	0	0	0	0	0	0	0
X003735.B16SV4	57	6	1	1	1	0	0	0	0	0	0	0	0	0	0	0	0	0	0	0	0	0	0	0	0	0
X003191.B16SV4	100	24	0	0	8	0	0	0	0	0	0	0	0	0	0	0	0	0	0	0	0	0	0	0	0	0
X003107.B16SV4	47	8	1	0	0	0	0	0	0	0	0	0	0	0	0	0	0	0	0	0	0	0	0	0	0	0
X003093.B16SV4	108	21	0	2	1	0	0	0	0	0	0	0	0	0	0	0	0	0	0	0	0	0	0	0	0	0
X003069.B16SV4	319	96	4	1	0	0	0	0	1	0	0	0	0	0	0	0	0	0	0	0	0	0	0	0	0	0
X003018.B16SV4	38	14	0	0	2	0	0	0	0	0	0	0	0	0	0	0	0	0	0	0	0	0	0	0	0	0
X002968.B16SV4	28	5	2	0	0	0	0	0	0	0	0	0	0	0	0	0	0	0	0	0	0	0	0	0	0	0
X002950.B16SV4	31	6	0	0	2	0	0	0	0	0	0	0	0	0	0	0	0	0	0	0	0	0	0	0	0	0
X002747.B16SV4	1291	124	10	9	2	1	0	0	0	0	0	0	0	0	0	0	0	0	0	1	0	0	0	0	0	0
X002585.B16SV4	73	13	2	0	2	0	0	0	0	0	0	0	0	0	0	0	0	0	0	0	0	0	0	0	0	0
X002534.B16SV4	32	10	0	0	0	0	0	0	0	0	0	0	0	0	0	0	0	0	0	0	0	0	0	0	0	0
X002445.B16SV4	46	7	0	0	3	0	0	0	0	0	0	0	0	0	0	0	0	0	0	0	0	0	0	0	0	0
X002437.B16SV4	54	14	1	0	2	0	0	0	0	0	0	0	0	0	0	0	0	0	0	0	0	0	0	0	0	0
X002399.B16SV4	1357	135	12	2	7	0	0	0	1	0	0	0	0	0	0	0	0	0	0	0	0	0	0	0	0	0
X002381.B16SV4	52	11	0	0	3	0	0	1	0	0	0	0	0	0	0	0	0	0	0	0	0	0	0	0	0	0
X002291.B16SV4	145	28	3	2	3	0	0	0	0	0	0	0	0	0	0	0	0	0	0	0	0	0	0	0	0	0
X002216.B16SV4	1417	144	6	4	4	2	4	0	5	0	2	0	0	0	0	0	0	0	0	0	0	0	0	1	0	0
X002194.B16SV4	107	18	3	0	3	0	1	0	0	0	0	0	0	0	0	0	0	0	0	0	0	0	0	0	0	0
X002038.B16SV4	3937	464	18	11	2	1	2	0	0	0	0	0	0	0	0	0	0	0	0	0	0	0	0	0	0	0
X001881.B16SV4	132	45	27	1	7	1	0	2	0	0	0	0	0	0	0	0	0	0	0	0	0	0	0	0	0	0
X001848.B16SV4	21	9	0	0	0	0	0	0	0	0	0	0	0	0	0	0	0	0	0	0	0	0	0	0	0	0
X001830.B16SV4	35	17	2	0	1	0	0	1	1	0	0	0	0	0	0	0	0	0	0	0	0	0	0	0	0	0
X001791.B16SV4	58	12	1	1	3	0	0	0	0	0	0	0	0	0	0	0	0	0	0	0	0	0	0	0	0	0
X001414.B16SV4	323	77	5	3	1	0	1	0	0	0	0	0	0	0	0	0	0	0	0	0	0	0	0	0	0	0
X001376.B16SV4	45	10	0	0	2	0	0	0	0	0	0	0	0	0	0	0	0	0	0	0	0	0	0	0	0	0
X001112.B16SV4	79	25	1	0	5	0	0	0	1	0	0	0	0	0	0	0	0	0	0	0	0	0	0	0	0	0
X001091.B16SV4	514	71	1	1	7	1	1	0	3	0	0	0	0	0	0	0	0	0	0	0	0	0	0	0	0	0
X001031.B16SV4	176	33	1	0	4	0	0	0	0	0	0	0	0	0	0	0	0	0	0	0	0	0	0	0	0	0
X000795.B16SV4	37	5	0	0	3	0	0	0	0	0	0	0	0	0	0	0	0	0	0	0	0	0	0	0	0	0
X000728.B16SV4	95	13	1	0	3	0	0	0	0	0	0	0	0	0	0	0	0	0	0	0	0	0	0	0	0	0
X000531.B16SV4	40	2	0	0	3	0	0	0	0	0	0	0	0	0	0	0	0	0	0	0	0	0	0	0	0	0
X000451.B16SV4	109	14	0	2	5	0	0	0	0	0	0	0	0	0	0	0	0	0	0	0	0	0	0	0	0	0
X000442.B16SV4	110	19	0	0	1	0	0	0	0	0	0	0	0	0	0	0	0	0	0	0	0	0	0	0	0	0
X000418.B16SV4	39	9	0	0	2	1	0	0	0	0	0	0	0	0	0	0	0	0	0	0	0	0	0	0	0	0
X000353.B16SV4	721	141	15	2	8	0	1	1	0	0	0	0	0	0	0	0	0	1	0	0	0	0	0	0	0	0
X000191.B16SV4	85	10	0	0	2	0	0	0	0	0	0	0	0	0	0	0	0	0	0	0	0	0	0	0	0	0
X000183.B16SV4	111	33	1	2	2	0	0	0	0	0	0	0	0	0	0	0	0	0	0	0	0	0	0	0	0	0
X000167.B16SV4	62	12	6	0	0	0	0	0	0	0	0	0	0	0	0	0	0	0	0	0	0	0	0	0	0	0
X019691.B16SV4	38748	6818	437	92	2	16	31	10	23	0	4	8	7	1	0	0	2	0	5	1	0	0	0	0	0	0
X019674.B16SV4	22824	5135	310	51	4	10	14	4	35	0	2	7	2	0	0	0	0	0	1	0	0	0	0	0	0	0
X019682.B16SV4	31994	4174	271	77	3	6	12	4	2	0	1	2	0	0	0	0	0	0	0	0	0	0	0	0	0	0
X019666.B16SV4	17662	3605	233	52	6	7	15	4	9	0	0	2	2	0	0	0	0	0	0	0	0	0	1	0	0	0
X019640.B16SV4	22797	3891	315	50	8	14	33	5	50	0	1	23	23	0	0	0	0	0	0	0	0	0	0	0	0	0
X019631.B16SV4	26990	2678	169	72	4	9	16	5	25	1	0	5	12	0	0	0	0	0	0	0	0	0	0	0	0	0
X019623.B16SV4	12366	1297	108	34	1	6	14	1	4	0	3	0	4	0	0	0	0	0	0	0	0	0	0	0	0	0
X019615.B16SV4	37873	3284	185	101	1	14	42	7	32	0	3	0	55	0	0	0	0	0	0	0	0	0	0	0	0	0
X006351.B16SV4	11872	830	50	20	7	5	4	0	7	1	1	7	0	0	0	0	0	0	0	0	0	0	0	0	0	0
X006319.B16SV4	16594	2951	209	45	5	2	12	7	20	0	2	5	0	0	0	0	0	0	0	0	0	0	0	0	0	0
X006262.B16SV4	10073	1072	73	24	3	3	2	0	5	0	0	0	0	0	0	1	0	0	0	0	0	0	0	0	0	0
X006327.B16SV4	19865	1041	73	34	1	11	12	2	2	1	1	7	0	0	0	0	0	0	0	0	0	0	0	0	0	0
X006254.B16SV4	24020	2917	185	69	2	13	7	1	3	2	0	0	4	0	0	0	0	0	0	0	0	0	0	0	0	0
X006238.B16SV4	32743	2734	197	68	12	4	7	4	1	1	1	0	0	0	0	0	0	0	0	0	0	0	0	0	0	0
X006211.B16SV4	38357	3726	289	114	1	10	56	2	8	1	4	0	0	0	0	0	0	0	0	0	0	0	0	0	0	0
X005614.B16SV4	27214	2312	388	66	8	11	47	7	31	1	0	0	9	0	0	0	0	0	3	0	0	0	0	0	0	0
X005592.B16SV4	679	28317	9793	11	1	2	6	0	69	0	0	1	0	0	1	0	0	0	0	0	0	0	0	0	0	0
X005606.B16SV4	865	115	33027	43	5	1	4	1	1	0	0	0	0	0	0	0	0	0	0	0	0	0	0	0	0	0
X005584.B16SV4	20861	3307	227	40	4	3	17	7	10	1	2	0	3	0	0	0	0	0	0	0	0	0	0	0	0	0
X005576.B16SV4	200	91	9	1	30	0	4	1	1	0	0	0	0	0	0	0	0	0	0	0	0	0	0	0	0	0
X005568.B16SV4	35262	6954	436	94	2	12	46	11	29	0	2	1	5	0	0	0	0	0	2	0	0	0	0	0	2	0
X005274.B16SV4	27581	10434	539	65	2	13	156	14	67	1	4	0	11	0	1	0	2	0	2	0	0	0	0	0	2	0
X005185.B16SV4	19014	1891	142	38	6	5	8	1	3	0	1	1	1	0	0	0	0	0	0	0	0	0	0	0	0	0
X004987.B16SV4	42	19946	11270	0	1	0	4	0	1	0	0	0	0	0	0	0	0	0	0	0	0	0	0	0	0	0
X004871.B16SV4	41391	7285	498	100	3	17	14	8	7	1	2	0	0	1	0	1	0	0	0	0	0	0	0	0	0	0
X004731.B16SV4	32945	4049	269	79	3	12	10	6	5	0	1	1	0	0	0	0	1	0	2	0	0	0	0	0	0	0
X004740.B16SV4	32567	3540	227	81	1	18	4	6	2	0	6	0	0	0	0	0	0	0	1	0	0	0	0	0	0	0
X004553.B16SV4	637	94	8	3	29	0	1	0	1	0	0	0	0	0	0	0	0	0	0	0	0	0	0	0	0	0
X004316.B16SV4	47486	7255	413	120	0	15	13	7	5	0	2	0	0	0	0	0	0	0	0	0	0	0	0	0	0	0
X004189.B16SV4	452	102	23	2	29	1	1	0	2	0	0	1	0	0	0	0	0	0	0	0	0	0	0	0	0	0
X004171.B16SV4	5988	349	28	11	10	2	9	0	4	0	0	2	0	0	0	0	0	0	0	0	0	0	0	0	0	0
X004162.B16SV4	21949	1743	122	51	5	6	3	3	2	0	0	4	0	0	0	0	0	0	0	0	0	0	0	0	0	0
X004154.B16SV4	21427	2218	145	46	12	4	5	1	0	0	0	0	0	0	1	0	0	0	0	0	0	0	0	0	0	0
X004138.B16SV4	17765	1200	74	50	3	4	10	3	7	0	1	2	0	0	0	0	0	0	0	0	0	0	0	0	0	0
X004120.B16SV4	32033	2748	197	73	4	7	1	1	1	1	0	0	0	0	0	0	0	0	1	0	0	0	0	0	0	0
X004111.B16SV4	22107	1457	102	59	2	2	19	2	11	0	0	19	0	0	0	0	0	0	0	0	0	0	0	0	0	0
X004103.B16SV4	31467	2917	161	66	1	8	5	6	12	1	1	0	0	0	0	0	0	0	0	0	0	0	0	0	0	0
X004090.B16SV4	31869	4470	296	86	0	12	8	4	7	0	4	0	2	0	0	0	0	0	2	0	0	1	0	0	0	0
X004081.B16SV4	7532	928	75	13	3	6	2	0	0	0	1	0	0	0	0	0	0	0	0	0	0	0	0	0	0	0
X004022.B16SV4	24978	2370	179	66	7	4	6	3	1	2	2	0	0	0	0	0	0	0	0	0	0	0	0	0	0	0
X003999.B16SV4	31053	1418	140	81	5	11	10	7	29	0	4	0	0	0	0	0	0	0	0	1	0	0	0	0	0	0
X003981.B16SV4	7383	573	70	50	7	3	22	3	15	1	0	0	0	0	0	0	0	0	0	0	0	0	0	0	1	0
X003972.B16SV4	39798	5091	415	109	3	11	30	5	7	0	1	0	1	0	0	0	0	0	0	0	0	0	0	0	0	0
X003859.B16SV4	30699	2207	126	66	4	11	14	3	3	0	2	1	1	0	0	0	0	0	3	0	0	0	0	0	0	0
X003867.B16SV4	30223	1683	100	80	2	10	3	1	3	0	2	0	0	1	0	0	0	0	0	0	0	0	0	0	0	0
X003824.B16SV4	29698	2679	216	74	11	7	122	28	148	2	11	6	12	1	0	0	3	0	9	0	0	1	0	0	0	1
X003727.B16SV4	33915	5109	371	78	2	13	22	10	11	1	1	1	3	0	1	0	0	0	0	0	0	0	0	0	0	0
X003701.B16SV4	43019	6223	420	95	3	9	16	9	4	0	3	0	5	0	0	0	0	0	0	0	0	0	0	0	0	0
X003719.B16SV4	10123	891	85	20	1	3	11	1	13	0	1	1	4	0	0	0	0	0	0	0	0	0	0	0	0	0
X003697.B16SV4	26533	1995	146	62	3	5	4	3	7	0	2	0	7	0	0	0	0	1	0	0	0	0	0	0	0	0
X003620.B16SV4	19661	1522	122	47	6	10	5	3	5	1	0	2	0	0	0	0	0	0	0	0	0	0	0	0	0	0
X003638.B16SV4	27832	2565	189	59	5	12	16	2	15	1	1	6	0	0	0	0	0	0	0	0	0	0	0	0	0	0
X003603.B16SV4	39720	3974	284	96	1	12	17	3	4	0	0	0	1	0	0	0	0	0	0	0	0	0	0	0	0	0
X003590.B16SV4	27668	2368	168	76	3	9	15	3	7	0	3	5	0	1	0	0	0	0	0	0	0	0	0	0	0	0
X003514.B16SV4	23609	3675	226	57	2	8	7	3	3	2	0	0	1	0	0	0	0	0	0	0	0	0	0	0	0	0
X003522.B16SV4	24188	3524	231	55	4	8	23	8	12	0	2	0	2	0	0	0	0	0	2	0	0	0	0	0	0	0
X003506.B16SV4	46231	6896	423	114	0	15	31	8	20	1	0	0	1	0	0	0	0	0	0	0	0	0	0	0	0	0
X003492.B16SV4	47961	7234	420	99	1	14	12	12	9	1	4	8	0	0	0	0	0	0	0	0	0	0	1	0	0	1
X003344.B16SV4	302	57	4	1	16	1	0	0	0	0	0	1	0	0	0	0	0	0	0	0	0	0	0	0	0	0
X003328.B16SV4	20978	1388	235	51	1	8	10	3	11	0	1	0	0	1	0	0	0	0	0	0	0	0	0	0	0	0
X003271.B16SV4	32415	3811	267	89	3	10	16	5	7	1	2	0	6	1	1	0	0	0	2	0	0	0	0	0	0	0
X002844.B16SV4	23023	1873	132	55	2	8	7	3	5	1	4	0	0	1	0	0	0	0	0	1	0	1	0	0	1	0
X002810.B16SV4	14538	1107	556	36	7	5	9	1	5	0	0	1	0	0	0	0	0	0	0	0	0	0	0	0	0	0
X002798.B16SV4	28296	3088	4210	145	5	6	5	3	5	0	1	0	0	0	0	0	0	0	0	0	0	0	0	0	0	0
X002828.B16SV4	29782	5977	553	80	3	17	54	13	11	0	0	2	5	2	0	0	0	0	0	1	0	0	1	0	0	0
X002801.B16SV4	620	14188	25195	12	2	0	1	0	5	0	0	0	0	0	0	0	0	0	0	0	0	0	0	0	0	0
X002658.B16SV4	54	70	10	0	15	2	1	0	1	0	0	1	0	0	0	0	0	0	0	0	0	0	0	0	0	0
X002593.B16SV4	788	209	32	5	40	2	1	3	2	0	0	0	0	0	0	0	0	0	0	0	0	0	0	0	0	0
X002640.B16SV4	572	175	29	2	36	1	2	0	1	0	0	2	0	0	0	0	0	0	0	0	0	1	0	0	0	0
X002615.B16SV4	43213	3554	251	114	3	15	46	7	21	0	1	0	0	1	0	0	0	0	0	0	0	0	0	0	0	0
X002607.B16SV4	1252	281	28	3	24	1	6	0	3	0	1	0	0	0	0	0	0	0	0	0	0	0	0	0	0	0
X002020.B16SV4	52477	8301	493	136	2	11	29	7	9	2	1	0	0	2	0	0	0	0	0	0	0	0	0	0	0	0
X002364.B16SV4	102	68	5	0	38	1	1	0	1	0	0	0	0	0	0	0	0	0	0	0	0	0	0	0	0	0
X002011.B16SV4	29193	3296	228	78	4	7	8	3	2	1	1	1	0	0	0	0	0	0	0	0	0	0	0	0	0	0
X002003.B16SV4	23301	1289	57	41	4	2	983	2	7	0	0	0	3	0	0	0	0	0	0	0	0	0	0	0	0	0
X001996.B16SV4	16723	791	45	35	3	5	6	4	13	1	0	0	0	0	0	0	0	0	0	0	0	0	0	0	0	0
X003263.B16SV4	2469	233	17	6	12	1	2	0	0	0	1	0	0	0	0	0	0	0	0	0	0	0	0	0	0	0
X003042.B16SV4	69	16526	24101	3	0	0	6	0	2	0	0	0	0	0	0	0	0	0	0	0	0	0	0	0	0	0
X001970.B16SV4	17218	1490	94	34	2	3	3	5	1	0	1	0	0	0	0	0	0	0	0	0	0	0	0	0	0	0
X001937.B16SV4	22613	3044	141	59	1	11	14	0	22	2	1	0	16	0	0	0	0	0	0	0	0	0	0	0	0	0
X001945.B16SV4	9646	955	110	14	1	0	8	0	4	0	1	2	0	0	0	0	0	0	0	0	0	0	0	0	0	0
X001821.B16SV4	34957	4422	321	89	1	10	13	1	13	0	1	0	0	0	0	0	0	0	0	0	0	0	1	0	0	0
X001759.B16SV4	15508	2222	141	48	14	4	1	0	0	0	0	2	1	0	0	0	0	0	0	0	0	0	0	0	0	0
X001732.B16SV4	18415	1748	138	66	11	2	48	2	21	0	2	15	2	0	0	0	0	0	0	0	0	0	0	0	0	0
X001716.B16SV4	138	61	13	2	16	0	4	0	6	0	0	0	0	0	0	0	0	0	0	0	0	0	0	0	0	0
X001708.B16SV4	34852	1009	50	88	4	10	6	0	0	0	2	0	0	0	0	0	0	0	0	0	0	0	0	0	0	0
X002356.B16SV4	3017	370	31	16	42	0	1	0	0	0	0	1	0	0	0	0	0	0	0	0	0	0	0	0	0	0
X002348.B16SV4	193	117	18	3	53	0	0	0	2	0	0	0	0	0	0	0	0	0	0	0	0	0	0	0	0	0
X002275.B16SV4	578	106	5	2	36	1	1	0	0	0	0	1	0	0	0	0	0	0	0	0	0	0	0	0	0	0
X002143.B16SV4	11554	1099	70	34	11	3	2	1	0	0	1	1	0	0	0	0	0	0	0	0	0	0	0	0	0	0
X002101.B16SV4	6157	607	41	11	13	1	1	1	0	0	0	0	0	0	0	0	0	0	0	0	0	0	0	0	0	0
X002089.B16SV4	29030	3841	252	65	8	11	7	4	7	0	2	2	0	0	0	0	0	0	0	0	0	0	0	0	0	0
X002097.B16SV4	37139	7531	517	77	4	15	30	6	0	1	2	0	0	0	0	0	0	0	0	0	0	0	0	0	0	0
X002071.B16SV4	32876	4074	299	95	3	11	11	3	1	1	2	0	0	2	0	0	0	0	0	0	0	0	1	0	0	0
X001597.B16SV4	965	69	6	1	17	0	5	0	1	0	0	1	0	0	0	0	0	0	0	0	0	0	0	0	0	0
X001490.B16SV4	16259	1536	98	34	1	5	2	0	2	0	1	0	1	1	0	0	0	0	0	0	0	0	0	0	0	0
X001465.B16SV4	35123	6503	407	68	0	12	7	4	4	0	1	1	1	1	0	0	0	0	0	0	0	0	0	0	0	0
X001457.B16SV4	23951	4314	266	52	11	3	7	4	12	0	0	0	0	0	0	0	0	0	0	0	0	0	0	0	0	0
X001449.B16SV4	42612	8843	589	79	2	28	19	11	4	1	2	0	0	0	0	0	0	1	0	0	0	0	0	0	0	0
X001431.B16SV4	36018	5649	371	108	4	16	24	11	11	0	0	11	0	0	0	0	0	0	0	0	0	0	0	0	0	0
X001309.B16SV4	37902	5357	408	97	1	19	23	11	46	1	5	0	4	0	0	0	5	0	5	0	0	0	0	0	2	0
X001325.B16SV4	38449	7483	523	91	1	15	25	7	10	1	3	0	0	0	1	0	0	0	0	0	0	0	0	0	0	0
X001317.B16SV4	21646	2074	153	63	3	7	9	3	5	0	0	0	0	0	0	0	0	0	0	0	0	0	0	0	0	0
X001295.B16SV4	30167	4213	279	107	1	6	15	7	30	1	1	1	1	0	0	1	2	0	6	0	0	0	0	0	0	0
X001287.B16SV4	33962	3666	299	83	0	10	5	0	6	0	0	0	0	0	0	0	1	0	0	0	0	0	0	0	0	0
X001261.B16SV4	32598	6662	478	103	2	14	18	10	17	0	0	1	1	0	0	0	0	0	0	0	0	0	0	0	0	0
X001252.B16SV4	30978	4639	380	108	1	7	22	3	36	0	1	0	4	1	0	0	1	0	1	0	0	0	0	0	0	0
X001279.B16SV4	16717	2890	213	43	9	6	7	2	2	0	1	2	0	0	0	0	0	0	0	0	0	0	0	0	0	0
X001244.B16SV4	19380	1518	98	44	0	5	26	3	19	2	4	0	0	0	0	1	0	0	4	1	0	1	0	0	0	0
X001236.B16SV4	37044	6052	393	99	4	15	32	7	20	0	6	0	0	0	0	0	0	0	0	0	0	0	0	0	0	0
X001228.B16SV4	40013	8052	533	116	4	11	9	6	9	1	3	0	0	0	1	0	0	0	0	0	0	0	0	0	0	0
X001210.B16SV4	36011	5160	399	89	4	10	14	6	2	0	1	11	0	0	0	0	0	0	0	0	0	1	0	0	0	0
X001201.B16SV4	43770	7972	496	95	5	18	17	5	1	1	5	0	0	0	0	0	0	0	0	0	0	0	0	0	0	0
X001198.B16SV4	25081	2763	195	46	0	8	3	2	0	0	2	0	0	0	0	0	0	0	0	0	0	0	0	0	0	0
X001180.B16SV4	33898	4361	337	84	4	15	15	3	1	1	1	0	0	0	0	0	0	0	0	0	0	0	0	0	0	0
X001171.B16SV4	11892	1744	128	30	4	8	1	1	1	0	1	1	0	0	0	0	0	0	0	0	0	0	0	0	0	0
X001163.B16SV4	21012	2110	156	39	3	8	6	3	1	0	0	1	0	0	0	0	0	0	0	1	0	0	0	0	0	0
X001155.B16SV4	33885	4091	249	77	3	14	22	7	9	2	2	5	0	0	0	0	0	0	0	0	0	0	0	0	0	0
X001147.B16SV4	29971	4139	307	59	2	13	17	7	8	0	1	1	0	0	0	0	0	0	0	0	0	0	0	0	0	0
X001139.B16SV4	33219	4051	276	74	2	6	4	5	0	2	0	4	0	0	0	0	0	0	0	0	0	0	0	0	0	0
X000884.B16SV4	32257	5016	364	65	6	11	12	4	6	0	2	0	0	0	0	0	0	0	0	0	0	0	0	0	0	0
X000868.B16SV4	972	245	106	7	32	1	4	0	1	0	1	2	0	0	0	0	0	0	0	0	0	0	0	0	0	0
X000841.B16SV4	39070	3158	236	98	4	17	37	11	26	1	2	1	0	0	0	0	0	0	1	0	0	0	0	0	0	0
X000787.B16SV4	32884	6508	448	95	5	19	19	5	3	1	1	1	0	0	1	0	0	0	0	0	0	1	0	0	0	0
X000779.B16SV4	44909	6786	552	103	10	11	9	10	1	1	3	0	1	0	0	0	0	0	0	0	0	0	0	0	0	0
X000604.B16SV4	18021	3498	241	46	0	11	154	9	82	0	1	2	85	0	0	4	0	0	3	0	0	0	0	0	5	0
X000591.B16SV4	21934	1256	103	59	4	6	5	1	6	0	0	0	0	3	0	0	0	0	0	0	0	0	0	0	0	0
X000485.B16SV4	4065	874	14647	95	12	2	740	0	4	0	0	1	0	0	0	0	0	0	8	0	0	0	0	0	0	0
X000477.B16SV4	241	226	59868	24	2	5	18	2	11	1	2	0	0	2	0	0	0	0	0	0	0	0	0	0	0	0
X000388.B16SV4	3619	258	19	15	8	3	2	0	3	0	0	0	0	0	0	0	0	0	0	0	0	0	0	0	0	0
X000370.B16SV4	27003	2540	157	70	6	8	8	1	1	0	0	1	1	0	0	0	0	0	0	0	0	0	0	0	0	0
X000281.B16SV4	39579	5615	403	100	5	16	11	9	2	2	3	0	0	1	0	0	0	0	0	0	0	0	0	0	0	0
X000272.B16SV4	52654	6397	423	101	4	18	22	1	9	0	0	2	7	0	0	0	0	0	0	0	0	0	0	0	0	0
X000256.B16SV4	37610	4578	353	111	5	9	32	4	30	0	0	0	4	0	0	0	1	0	3	0	0	0	0	0	0	0
X000248.B16SV4	25428	2055	169	58	6	9	40	3	13	2	1	7	0	0	1	0	0	0	0	0	0	0	0	0	0	0
X000213.B16SV4	223	61	32	0	24	1	3	0	0	0	0	0	1	0	0	0	0	0	0	0	0	0	0	0	0	0
X000264.B16SV4	37264	4045	294	100	9	14	19	4	5	0	2	0	1	0	0	0	0	0	2	0	0	0	0	0	0	0
X000230.B16SV4	9501	499	29	17	11	4	0	1	0	0	0	0	0	0	0	0	0	0	0	0	0	0	0	0	0	0
X019305.B16SV4.1	54	10	14	0	1	1	0	0	0	0	0	0	0	0	0	0	0	0	0	0	0	0	0	0	0	0
X019224.B16SV4.1	34	8	0	0	0	0	0	0	0	0	0	0	0	0	0	0	0	0	0	0	0	0	0	0	0	0
X019216.B16SV4.1	268	68	5	1	6	0	4	1	12	0	0	0	0	2	0	0	0	0	0	0	0	0	0	0	0	0
X006106.B16SV4.1	78	106	18	0	4	0	0	0	0	0	0	0	0	0	0	0	0	1	0	0	0	0	0	0	0	0
X006068.B16SV4.1	906	137	9	5	6	1	2	1	2	0	0	0	0	1	0	0	0	0	0	0	0	0	0	0	0	0
X006050.B16SV4.1	27	12	0	0	0	0	0	0	0	0	0	0	0	0	0	0	0	0	0	0	0	0	0	0	0	0
X006041.B16SV4.1	27	7	1	0	1	0	0	0	0	0	0	0	0	0	0	0	0	0	0	0	0	0	0	0	0	0
X005983.B16SV4.1	236	53	11	0	5	0	0	0	0	0	0	0	0	0	0	0	0	0	0	0	0	0	0	0	0	0
X005941.B16SV4.1	52	8	1	2	0	0	1	0	0	0	0	0	0	0	0	0	0	0	0	0	0	0	0	0	0	0
X005916.B16SV4.1	53	7	0	0	3	0	0	0	0	0	0	0	0	0	0	0	0	0	0	0	0	0	0	0	0	0
X005886.B16SV4.1	1262	60	5	2	5	0	0	0	0	0	0	0	0	0	0	0	0	0	0	0	0	0	0	0	0	0
X005851.B16SV4.1	104	8	0	0	2	0	0	0	0	0	0	0	0	0	0	0	0	0	0	0	0	0	0	0	0	0
X005801.B16SV4.1	67	17	0	0	0	0	0	0	0	0	0	0	0	0	0	0	0	0	0	0	0	0	0	0	0	0
X005746.B16SV4.1	929	153	10	2	2	1	0	0	0	0	0	0	0	0	0	0	0	0	0	0	0	0	0	0	0	0
X005657.B16SV4.1	74	20	1	0	6	0	1	0	0	0	0	0	0	0	0	0	0	0	0	0	0	0	0	0	0	0
X005631.B16SV4.1	59	23	1	1	1	1	2	0	0	0	0	0	0	0	0	0	0	0	0	0	0	0	0	0	0	0
X005487.B16SV4.1	59	39	5	0	4	0	3	0	1	0	0	0	0	0	0	0	0	0	0	0	0	0	0	0	0	0
X005461.B16SV4.1	75	45	5	2	6	1	4	4	10	0	3	0	0	3	0	0	0	0	0	0	0	0	0	0	0	0
X005436.B16SV4.1	13	7	0	0	0	1	0	0	0	0	0	0	0	0	0	0	0	0	0	0	0	0	0	0	0	0
X005312.B16SV4.1	54	17	0	0	2	0	0	0	0	0	0	0	0	0	0	0	0	0	0	0	0	0	0	0	0	0
X004952.B16SV4.1	81	17	2	0	1	0	0	0	1	0	0	0	0	0	0	0	0	0	0	0	0	0	0	0	0	0
X004677.B16SV4.1	119	28	0	0	4	0	0	0	0	0	0	0	0	0	0	0	0	0	0	0	0	0	0	0	0	0
X004537.B16SV4.1	40	21	0	1	3	0	0	0	0	0	0	0	0	0	0	0	0	0	0	0	0	0	0	0	0	0
X004481.B16SV4.1	28	6	0	1	6	0	0	0	0	0	0	0	0	0	0	0	0	0	0	0	0	0	0	0	0	0
X004421.B16SV4.1	117	27	5	0	0	0	0	0	0	0	0	0	0	0	0	0	0	0	0	0	0	0	0	0	0	0
X004308.B16SV4.1	397	67	11	1	1	1	1	1	0	0	0	0	1	0	0	0	0	0	0	0	0	0	0	0	0	0
X004294.B16SV4.1	22	4	0	0	2	0	0	0	0	0	0	0	0	0	0	0	0	0	0	0	0	0	0	0	0	0
X004065.B16SV4.1	32	8	0	0	2	1	0	0	1	0	0	0	0	0	0	0	0	0	0	0	0	0	0	0	0	0
X003841.B16SV4.1	128	34	2	3	6	0	1	0	0	0	0	0	0	0	0	0	0	0	0	0	0	0	0	0	0	0
X003786.B16SV4.1	111	44	22	1	3	1	1	0	2	0	0	0	0	0	0	0	0	0	0	0	0	0	0	0	0	0
X003778.B16SV4.1	100	16	53	0	2	0	0	0	0	0	0	0	0	0	0	0	0	0	0	0	0	0	0	0	0	0
X003760.B16SV4.1	390	51	1	1	0	0	0	0	0	0	0	0	0	0	0	0	0	0	0	0	0	0	0	0	0	0
X003735.B16SV4.1	57	6	1	1	1	0	0	0	0	0	0	0	0	0	0	0	0	0	0	0	0	0	0	0	0	0
X003191.B16SV4.1	100	24	0	0	8	0	0	0	0	0	0	0	0	0	0	0	0	0	0	0	0	0	0	0	0	0
X003107.B16SV4.1	47	8	1	0	0	0	0	0	0	0	0	0	0	0	0	0	0	0	0	0	0	0	0	0	0	0
X003093.B16SV4.1	108	21	0	2	1	0	0	0	0	0	0	0	0	0	0	0	0	0	0	0	0	0	0	0	0	0
X003069.B16SV4.1	319	96	4	1	0	0	0	0	1	0	0	0	0	0	0	0	0	0	0	0	0	0	0	0	0	0
X003018.B16SV4.1	38	14	0	0	2	0	0	0	0	0	0	0	0	0	0	0	0	0	0	0	0	0	0	0	0	0
X002968.B16SV4.1	28	5	2	0	0	0	0	0	0	0	0	0	0	0	0	0	0	0	0	0	0	0	0	0	0	0
X002950.B16SV4.1	31	6	0	0	2	0	0	0	0	0	0	0	0	0	0	0	0	0	0	0	0	0	0	0	0	0
X002747.B16SV4.1	1291	124	10	9	2	1	0	0	0	0	0	0	0	0	0	0	0	0	0	1	0	0	0	0	0	0
X002585.B16SV4.1	73	13	2	0	2	0	0	0	0	0	0	0	0	0	0	0	0	0	0	0	0	0	0	0	0	0
X002534.B16SV4.1	32	10	0	0	0	0	0	0	0	0	0	0	0	0	0	0	0	0	0	0	0	0	0	0	0	0
X002445.B16SV4.1	46	7	0	0	3	0	0	0	0	0	0	0	0	0	0	0	0	0	0	0	0	0	0	0	0	0
X002437.B16SV4.1	54	14	1	0	2	0	0	0	0	0	0	0	0	0	0	0	0	0	0	0	0	0	0	0	0	0
X002399.B16SV4.1	1357	135	12	2	7	0	0	0	1	0	0	0	0	0	0	0	0	0	0	0	0	0	0	0	0	0
X002381.B16SV4.1	52	11	0	0	3	0	0	1	0	0	0	0	0	0	0	0	0	0	0	0	0	0	0	0	0	0
X002291.B16SV4.1	145	28	3	2	3	0	0	0	0	0	0	0	0	0	0	0	0	0	0	0	0	0	0	0	0	0
X002216.B16SV4.1	1417	144	6	4	4	2	4	0	5	0	2	0	0	0	0	0	0	0	0	0	0	0	0	1	0	0
X002194.B16SV4.1	107	18	3	0	3	0	1	0	0	0	0	0	0	0	0	0	0	0	0	0	0	0	0	0	0	0
X002038.B16SV4.1	3937	464	18	11	2	1	2	0	0	0	0	0	0	0	0	0	0	0	0	0	0	0	0	0	0	0
X001881.B16SV4.1	132	45	27	1	7	1	0	2	0	0	0	0	0	0	0	0	0	0	0	0	0	0	0	0	0	0
X001848.B16SV4.1	21	9	0	0	0	0	0	0	0	0	0	0	0	0	0	0	0	0	0	0	0	0	0	0	0	0
X001830.B16SV4.1	35	17	2	0	1	0	0	1	1	0	0	0	0	0	0	0	0	0	0	0	0	0	0	0	0	0
X001791.B16SV4.1	58	12	1	1	3	0	0	0	0	0	0	0	0	0	0	0	0	0	0	0	0	0	0	0	0	0
X001414.B16SV4.1	323	77	5	3	1	0	1	0	0	0	0	0	0	0	0	0	0	0	0	0	0	0	0	0	0	0
X001376.B16SV4.1	45	10	0	0	2	0	0	0	0	0	0	0	0	0	0	0	0	0	0	0	0	0	0	0	0	0
X001112.B16SV4.1	79	25	1	0	5	0	0	0	1	0	0	0	0	0	0	0	0	0	0	0	0	0	0	0	0	0
X001091.B16SV4.1	514	71	1	1	7	1	1	0	3	0	0	0	0	0	0	0	0	0	0	0	0	0	0	0	0	0
X001031.B16SV4.1	176	33	1	0	4	0	0	0	0	0	0	0	0	0	0	0	0	0	0	0	0	0	0	0	0	0
X000795.B16SV4.1	37	5	0	0	3	0	0	0	0	0	0	0	0	0	0	0	0	0	0	0	0	0	0	0	0	0
X000728.B16SV4.1	95	13	1	0	3	0	0	0	0	0	0	0	0	0	0	0	0	0	0	0	0	0	0	0	0	0
X000531.B16SV4.1	40	2	0	0	3	0	0	0	0	0	0	0	0	0	0	0	0	0	0	0	0	0	0	0	0	0
X000451.B16SV4.1	109	14	0	2	5	0	0	0	0	0	0	0	0	0	0	0	0	0	0	0	0	0	0	0	0	0
X000442.B16SV4.1	110	19	0	0	1	0	0	0	0	0	0	0	0	0	0	0	0	0	0	0	0	0	0	0	0	0
X000418.B16SV4.1	39	9	0	0	2	1	0	0	0	0	0	0	0	0	0	0	0	0	0	0	0	0	0	0	0	0
X000353.B16SV4.1	721	141	15	2	8	0	1	1	0	0	0	0	0	0	0	0	0	1	0	0	0	0	0	0	0	0
X000191.B16SV4.1	85	10	0	0	2	0	0	0	0	0	0	0	0	0	0	0	0	0	0	0	0	0	0	0	0	0
X000183.B16SV4.1	111	33	1	2	2	0	0	0	0	0	0	0	0	0	0	0	0	0	0	0	0	0	0	0	0	0
X000167.B16SV4.1	62	12	6	0	0	0	0	0	0	0	0	0	0	0	0	0	0	0	0	0	0	0	0	0	0	0
